<?xml version="1.0" encoding="UTF-8" standalone="yes"?><OTA_AirLowFareSearchRS xmlns="http://www.opentravel.org/OTA/2003/05" EchoToken="0001" TimeStamp="2022-04-23T21:14:08.916Z" Target="Test" Version="2.001" SequenceNmbr="1" PrimaryLangID="En-us"><Success/><PricedItineraries><PricedItinerary SequenceNumber="1"><AirItinerary><OriginDestinationOptions><OriginDestinationOption><FlightSegment FlightNumber="IR468" ResBookDesigCode="L" DepartureDateTime="2022-05-15T19:05:00.000+04:30" ArrivalDateTime="2022-05-15T20:35:00.000+03:30" Duration="02:30:00" StopQuantity="0" RPH="43896"><DepartureAirport LocationCode="THR"/><ArrivalAirport LocationCode="MHD"/><OperatingAirline Code="IR"/><Equipment AirEquipType="A320"/><BookingClassAvails><BookingClassAvail ResBookDesigCode="L" ResBookDesigQuantity="1"/></BookingClassAvails></FlightSegment></OriginDestinationOption></OriginDestinationOptions></AirItinerary><AirItineraryPricingInfo><ItinTotalFare><BaseFare CurrencyCode="RUB" DecimalPlaces="0" Amount="1345"/><TotalFare CurrencyCode="RUB" DecimalPlaces="0" Amount="1460"/></ItinTotalFare><PTC_FareBreakdowns><PTC_FareBreakdown><PassengerTypeQuantity Code="ADT" Quantity="1"/><FareBasisCodes><FareBasisCode FlightSegmentRPH="43896" fareRPH="22781">L1451</FareBasisCode></FareBasisCodes><PassengerFare><BaseFare CurrencyCode="RUB" DecimalPlaces="0" Amount="1345"/><Taxes><Tax TaxCode="KU" TaxName="Municipality Tax" CurrencyCode="RUB" DecimalPlaces="0">68</Tax><Tax TaxCode="6H" TaxName="Red Cross Fee" CurrencyCode="RUB" DecimalPlaces="0">14</Tax><Tax TaxCode="LP" TaxName="Airport Service Charge" CurrencyCode="RUB" DecimalPlaces="0">23</Tax><Tax TaxCode="I61-1" TaxName="Passenger Safety Oversight Services Fees" CurrencyCode="RUB" DecimalPlaces="0">10</Tax></Taxes><TotalFare CurrencyCode="RUB" DecimalPlaces="0" Amount="1460"/></PassengerFare></PTC_FareBreakdown></PTC_FareBreakdowns></AirItineraryPricingInfo></PricedItinerary></PricedItineraries></OTA_AirLowFareSearchRS>