<ns0:OTAPSS_AirFareRuleRQ xmlns:ns0="http://www.opentravel.org/OTA/2003/05" xmlns:xsi="http://www.w3.org/2001/XMLSchema-instance" xsi:schemaLocation="http://www.opentravel.org/OTA/2003/05   OTAPSS_AirFareRuleRQ.xsd" EchoToken="0001" TimeStamp="2022-04-23T14:32:36" Target="Test" Version="2.001" SequenceNmbr="1" PrimaryLangID="En-us">
    <ns0:POS>
        <ns0:Source AirlineVendorID="IR" ISOCountry="IR" ISOCurrency="RUB">
            <ns0:RequestorID Type="5" ID="MOW07603" />
        </ns0:Source>
    </ns0:POS>
   <ns0:OriginDestinationOptions>
      <ns0:OriginDestinationOption>2022-05-15<ns0:FlightSegment FlightNumber="IR1042" ResBookDesigCode="K" DepartureDateTime="2020-11-15T22:00:00.000+03:30" ArrivalDateTime="2020-11-15T23:30:00.000+03:30" Duration="01:30:00" StopQuantity="0" RPH="14404">
           <ns0:DepartureAirport LocationCode="THR" />
           <ns0:ArrivalAirport LocationCode="MHD" />
           <ns0:OperatingAirline Code="IR" />
           <ns0:Equipment AirEquipType="A319" />
           <ns0:BookingClassAvails>
              <ns0:BookingClassAvail ResBookDesigCode="K" ResBookDesigQuantity="2" />
           </ns0:BookingClassAvails>
        </ns0:FlightSegment>
      </ns0:OriginDestinationOption>
   </ns0:OriginDestinationOptions>
   <ns0:FareBasisCodes>
      <ns0:FareBasisCode FlightSegmentRPH="14404" fareRPH="3304">K1410</ns0:FareBasisCode>
   </ns0:FareBasisCodes>
</ns0:OTAPSS_AirFareRuleRQ>