<ns0:OTA_AirBookRQ xmlns:ns0="http://www.opentravel.org/OTA/2003/05" xmlns:xsi="http://www.w3.org/2001/XMLSchema-instance" xsi:schemaLocation="http://www.opentravel.org/OTA/2003/05    OTA_AirBookRQ.xsd" EchoToken="0001" TimeStamp="2022-04-23T20:17:57" Target="Test" Version="2.001" SequenceNmbr="1" PrimaryLangID="En-us">
    <ns0:POS>
        <ns0:Source AirlineVendorID="IR" ISOCountry="IR" ISOCurrency="RUB">
            <ns0:RequestorID Type="5" ID="MOW07603" />
        </ns0:Source>
    </ns0:POS>
    <ns0:AirItinerary DirectionInd="OneWay">
	<ns0:OriginDestinationOptions>
                    <ns0:OriginDestinationOption>
                        <ns0:FlightSegment FlightNumber="IR468" ResBookDesigCode="X" DepartureDateTime="2022-05-15T19:05:00.000+04:30" ArrivalDateTime="2022-05-15T20:35:00.000+03:30" Duration="02:30:00" StopQuantity="0" RPH="43896" AirEquipType="A320">
                            <ns0:DepartureAirport LocationCode="THR" />
                            <ns0:ArrivalAirport LocationCode="MHD" />
                            <ns0:OperatingAirline Code="IR" />
                            <ns0:Equipment AirEquipType="A319" />
                            <ns0:BookingClassAvails>
                                <ns0:BookingClassAvail ResBookDesigCode="X" ResBookDesigQuantity="2" />
                            </ns0:BookingClassAvails>
                        </ns0:FlightSegment>
                    </ns0:OriginDestinationOption>
                </ns0:OriginDestinationOptions>
	</ns0:AirItinerary>
	<ns0:PriceInfo>
        <ns0:ItinTotalFare>
             <ns0:BaseFare CurrencyCode="RUB" DecimalPlaces="0" Amount="1345" />
             <ns0:TotalFare CurrencyCode="RUB" DecimalPlaces="0" Amount="1460" />
        </ns0:ItinTotalFare>
	</ns0:PriceInfo>
	<ns0:TravelerInfo>
		<ns0:AirTraveler BirthDate="1974-04-16" PassengerTypeCode="ADT" AccompaniedByInfantInd="false" Gender="M" TravelerNationality="IR">
			<ns0:PersonName>
				<ns0:NamePrefix>MR</ns0:NamePrefix>
				<ns0:GivenName>SAEID</ns0:GivenName>
				<ns0:Surname>NAZKASRAEI</ns0:Surname>
			</ns0:PersonName>
			<ns0:TravelerRefNumber RPH="1" />
			<ns0:Document DocID="1121234545" DocType="5" DocIssueCountry="IR" />
		</ns0:AirTraveler>
	</ns0:TravelerInfo>
	<ns0:ContactPerson>
            <ns0:PersonName>
                <ns0:GivenName>SAEID</ns0:GivenName>
                <ns0:Surname>NAZKASRAEI</ns0:Surname>
            </ns0:PersonName>
		  <ns0:Telephone PhoneNumber="(98)2232343212" />
		  <ns0:HomeTelephone PhoneNumber="(98)2132343212" />
        <ns0:Email>tbacon@tba.com</ns0:Email>
    </ns0:ContactPerson>
    <ns0:Fulfillment>
        <ns0:PaymentDetails>
            <ns0:PaymentDetail PaymentType="2">
                <ns0:DirectBill DirectBill_ID="THRTA023">
                    <ns0:CompanyName CompanyShortName="HOMARES OTA" Code="THRTA023" />
                </ns0:DirectBill>
                <ns0:PaymentAmount CurrencyCode="RUB" DecimalPlaces="0" Amount="1460" />
            </ns0:PaymentDetail>
        </ns0:PaymentDetails>
    </ns0:Fulfillment>
</ns0:OTA_AirBookRQ>