<?xml version="1.0" encoding="UTF-8" standalone="yes"?><OTAPSS_AirFareRuleRS xmlns="http://www.opentravel.org/OTA/2003/05" EchoToken="0001" TimeStamp="2022-04-23T14:32:37.760Z" Target="Test" Version="2.001" TransactionIdentifier="36d94c91-b9a5-4d33-8f77-472c738bb0f7" SequenceNmbr="1" PrimaryLangID="En-us"><Success/><OriginDestinationOptions><OriginDestinationOption><FlightSegment FlightNumber="IR1042" ResBookDesigCode="K" DepartureDateTime="2020-11-15T22:00:00.000+03:30" ArrivalDateTime="2020-11-15T23:30:00.000+03:30" Duration="01:30:00" StopQuantity="0" RPH="14404"><DepartureAirport LocationCode="THR"/><ArrivalAirport LocationCode="MHD"/><OperatingAirline Code="IR"></OperatingAirline><Equipment AirEquipType="A319"></Equipment><BookingClassAvails><BookingClassAvail ResBookDesigCode="K" ResBookDesigQuantity="2"/></BookingClassAvails></FlightSegment></OriginDestinationOption></OriginDestinationOptions><FareRuleText><Description Formatted="true" TextFormat="HTML">&lt;table&gt;&lt;tbody&gt;&lt;tr&gt;&lt;td&gt;Baggage&lt;/td&gt;&lt;td&gt;For ADT/CHD free baggage allowance --&gt; 20Kg. 
For Infants free baggage allowance 10KG&lt;/td&gt;&lt;/tr&gt;&lt;tr&gt;&lt;td&gt;Rebooking&lt;/td&gt;&lt;td&gt;Rebooking Permitted. 
30% of applicable fare will be applied as the penalty until one day prior to the departure before 12 noon. 
Any rebooking operation afterwards will be collecting 60% of the applicable fare as the penalty. &lt;/td&gt;&lt;/tr&gt;&lt;tr&gt;&lt;td&gt;Cancellation/Refund&lt;/td&gt;&lt;td&gt;Cancellation permitted. 
30% of applicable fare will be applied as the penalty until one day prior to the departure before 12 noon. 
Any cancellation operation after afterwards will be collecting 60% of the applicable fare as the penalty. &lt;/td&gt;&lt;/tr&gt;&lt;/tbody&gt;&lt;/table&gt;</Description><FlightRefNumberRPH>14404</FlightRefNumberRPH></FareRuleText></OTAPSS_AirFareRuleRS>