<?xml version="1.0" encoding="UTF-8" standalone="yes"?><OTA_AirLowFareSearchRS xmlns="http://www.opentravel.org/OTA/2003/05" EchoToken="0001" TimeStamp="2022-06-13T09:30:51.259Z" Target="Test" Version="2.001" SequenceNmbr="1" PrimaryLangID="En-us"><Success/><PricedItineraries><PricedItinerary SequenceNumber="1"><AirItinerary><OriginDestinationOptions><OriginDestinationOption><FlightSegment FlightNumber="IR468" ResBookDesigCode="R" DepartureDateTime="2022-06-21T19:05:00.000+04:30" ArrivalDateTime="2022-06-21T20:35:00.000+03:30" Duration="02:30:00" StopQuantity="0" RPH="43942"><DepartureAirport LocationCode="THR"/><ArrivalAirport LocationCode="MHD"/><OperatingAirline Code="IR"/><Equipment AirEquipType="A320"/><BookingClassAvails><BookingClassAvail ResBookDesigCode="R" ResBookDesigQuantity="1"/></BookingClassAvails></FlightSegment></OriginDestinationOption><OriginDestinationOption><FlightSegment FlightNumber="IR469" ResBookDesigCode="T" DepartureDateTime="2022-06-28T21:00:00.000+03:30" ArrivalDateTime="2022-06-28T23:30:00.000+04:30" Duration="01:30:00" StopQuantity="0" RPH="44055"><DepartureAirport LocationCode="MHD"/><ArrivalAirport LocationCode="THR"/><OperatingAirline Code="IR"/><Equipment AirEquipType="A320"/><BookingClassAvails><BookingClassAvail ResBookDesigCode="T" ResBookDesigQuantity="1"/></BookingClassAvails></FlightSegment></OriginDestinationOption></OriginDestinationOptions></AirItinerary><AirItineraryPricingInfo><ItinTotalFare><BaseFare CurrencyCode="RUB" DecimalPlaces="0" Amount="4615"/><TotalFare CurrencyCode="RUB" DecimalPlaces="0" Amount="4959"/></ItinTotalFare><PTC_FareBreakdowns><PTC_FareBreakdown><PassengerTypeQuantity Code="ADT" Quantity="1"/><FareBasisCodes><FareBasisCode FlightSegmentRPH="43942" fareRPH="27021">R1451</FareBasisCode><FareBasisCode FlightSegmentRPH="44055" fareRPH="26009">T1451</FareBasisCode></FareBasisCodes><PassengerFare><BaseFare CurrencyCode="RUB" DecimalPlaces="0" Amount="4615"/><Taxes><Tax TaxCode="KU" TaxName="Municipality Tax" CurrencyCode="RUB" DecimalPlaces="0">231</Tax><Tax TaxCode="6H" TaxName="Red Cross Fee" CurrencyCode="RUB" DecimalPlaces="0">47</Tax><Tax TaxCode="LP" TaxName="Airport Service Charge" CurrencyCode="RUB" DecimalPlaces="0">46</Tax><Tax TaxCode="I61-1" TaxName="Passenger Safety Oversight Services Fees" CurrencyCode="RUB" DecimalPlaces="0">20</Tax></Taxes><TotalFare CurrencyCode="RUB" DecimalPlaces="0" Amount="4959"/></PassengerFare></PTC_FareBreakdown></PTC_FareBreakdowns></AirItineraryPricingInfo></PricedItinerary></PricedItineraries></OTA_AirLowFareSearchRS>