<?xml version="1.0" encoding="UTF-8" standalone="yes"?><OTAPSS_AirFareRuleRS xmlns="http://www.opentravel.org/OTA/2003/05" EchoToken="0001" TimeStamp="2022-06-13T09:30:54.588Z" Target="Test" Version="2.001" TransactionIdentifier="1c0e3205-bfc1-4308-bd26-033dcff9c9ae" SequenceNmbr="1" PrimaryLangID="En-us"><Success/><OriginDestinationOptions><OriginDestinationOption><FlightSegment FlightNumber="IR468" ResBookDesigCode="R" DepartureDateTime="2022-06-21T19:05:00.000+03:30" ArrivalDateTime="2022-06-21T20:35:00.000+03:30" Duration="01:30:00" StopQuantity="0" RPH="43942"><DepartureAirport LocationCode="THR"/><ArrivalAirport LocationCode="MHD"/><OperatingAirline Code="IR"></OperatingAirline><Equipment AirEquipType="A320"></Equipment><BookingClassAvails><BookingClassAvail ResBookDesigCode="R" ResBookDesigQuantity="1"/></BookingClassAvails></FlightSegment></OriginDestinationOption></OriginDestinationOptions></OTAPSS_AirFareRuleRS>