<ns0:OTA_AirLowFareSearchRQ xmlns:ns0="http://www.opentravel.org/OTA/2003/05" xmlns:xsi="http://www.w3.org/2001/XMLSchema-instance" xsi:schemaLocation="http://www.opentravel.org/OTA/2003/05    OTA_AirLowFareSearchRQ.xsd" EchoToken="0001" TimeStamp="2022-06-13T09:30:50" Target="Test" Version="2.001" SequenceNmbr="1" PrimaryLangID="En-us">
    <ns0:POS>
        <ns0:Source AirlineVendorID="IR" ISOCountry="IR" ISOCurrency="RUB">
            <ns0:RequestorID Type="5" ID="MOW07603" />
        </ns0:Source>
    </ns0:POS>
    <ns0:OriginDestinationInformation>
        <ns0:DepartureDateTime>2022-06-21</ns0:DepartureDateTime>
        <ns0:OriginLocation LocationCode="THR" />
        <ns0:DestinationLocation LocationCode="MHD" />
    </ns0:OriginDestinationInformation>
    <ns0:OriginDestinationInformation>
        <ns0:DepartureDateTime>2022-06-28</ns0:DepartureDateTime>
        <ns0:OriginLocation LocationCode="MHD" />
        <ns0:DestinationLocation LocationCode="THR" />
    </ns0:OriginDestinationInformation>
    <ns0:TravelPreferences>
        <ns0:CabinPref Cabin="Economy" />
    </ns0:TravelPreferences>
    <ns0:TravelerInfoSummary>
        <ns0:AirTravelerAvail>
            <ns0:PassengerTypeQuantity Code="ADT" Quantity="1" />
            <ns0:PassengerTypeQuantity Code="CHD" Quantity="0" />
            <ns0:PassengerTypeQuantity Code="INF" Quantity="0" />
        </ns0:AirTravelerAvail>
    </ns0:TravelerInfoSummary>
    <ns0:ProcessingInfo SearchType="STANDARD" />
</ns0:OTA_AirLowFareSearchRQ>