<OTA_AirBookRS EchoToken="50987" TimeStamp="2020-11-08T19:18:15.163Z" Target="Test" Version="2.001" SequenceNmbr="1" PrimaryLangID="En-us" xmlns="http://www.opentravel.org/OTA/2003/05">
   <Success/>
   <AirReservation CreatedDateTme="2020-11-08T19:18:15.163Z">
      <AirItinerary DirectionInd="OneWay">
         <OriginDestinationOptions>
            <OriginDestinationOption>
               <FlightSegment Status="16" FlightNumber="IR1042" FareBasisCode="M1410" ResBookDesigCode="M" DepartureDateTime="2020-11-15T22:00:00.000+03:30" ArrivalDateTime="2020-11-15T23:30:00.000+03:30" StopQuantity="0" RPH="338916">
                  <DepartureAirport LocationCode="THR" LocationName="Mehrabad Airport"/>
                  <ArrivalAirport LocationCode="MHD" LocationName="Mashad Airport"/>
                  <OperatingAirline Code="IR"/>
                  <Equipment AirEquipType="A319"/>
               </FlightSegment>
            </OriginDestinationOption>
         </OriginDestinationOptions>
      </AirItinerary>
      <ArrangerInfo>
         <CompanyInfo CompanyShortName="HOMARES OTA" Code="THRTA023"/>
      </ArrangerInfo>
      <PriceInfo>
         <ItinTotalFare>
            <TotalFare CurrencyCode="IRR" DecimalPlaces="0" Amount="990000"/>
         </ItinTotalFare>
         <PTC_FareBreakdowns>
            <PTC_FareBreakdown>
               <PassengerTypeQuantity Code="ADT" Quantity="1"/>
               <FareBasisCodes>
                  <FareBasisCode>M1410</FareBasisCode>
               </FareBasisCodes>
               <PassengerFare>
                  <BaseFare CurrencyCode="IRR" DecimalPlaces="0" Amount="0"/>
                  <Taxes>
                     <Tax TaxCode="LP" TaxName="Airport Service Charge" CurrencyCode="IRR" DecimalPlaces="0" Amount="0"/>
                     <Tax TaxCode="I61" TaxName="Passenger Safety Oversight Services Fees" CurrencyCode="IRR" DecimalPlaces="0" Amount="0"/>
                     <Tax TaxCode="KU" TaxName="Municipality Tax" CurrencyCode="IRR" DecimalPlaces="0" Amount="0"/>
                     <Tax TaxCode="CNX" TaxName="Cancellation Fee" CurrencyCode="IRR" DecimalPlaces="0" Amount="990000"/>
                  </Taxes>
                  <TotalFare CurrencyCode="IRR" DecimalPlaces="0" Amount="990000"/>
               </PassengerFare>
               <FareInfo>
                  <FareInfo FareBasisCode="M1410">
                     <Fare BaseAmount="3300000"/>
                  </FareInfo>
               </FareInfo>
            </PTC_FareBreakdown>
         </PTC_FareBreakdowns>
      </PriceInfo>
      <TravelerInfo>
         <AirTraveler BirthDate="1974-04-16" PassengerTypeCode="ADT" AccompaniedByInfantInd="false" TravelerNationality="IR" Gender="M">
            <PersonName>
               <NamePrefix>Mr</NamePrefix>
               <GivenName>SAEID</GivenName>
               <Surname>NAZKASRAEI</Surname>
            </PersonName>
            <Document DocID="1121234545" DocType="5" DocHolderNationality="IR"/>
            <TravelerRefNumber RPH="1"/>
         </AirTraveler>
      </TravelerInfo>
      <ContactPerson>
         <PersonName>
            <GivenName>SAEID</GivenName>
            <Surname>NAZKASRAEI</Surname>
         </PersonName>
         <Telephone PhoneNumber="(98)2232343212"/>
         <HomeTelephone PhoneNumber="(98)2132343212"/>
         <Email>tbacon@tba.com</Email>
      </ContactPerson>
      <Fulfillment>
         <PaymentDetails>
            <PaymentDetail PaymentType="2">
               <DirectBill DirectBill_ID="THRTA023">
                  <CompanyName CompanyShortName="HOMARES OTA" Code="THRTA023" AgentType="TRVL_AGNT"/>
               </DirectBill>
               <PaymentAmount CurrencyCode="IRR" DecimalPlaces="0" Amount="3578000"/>
            </PaymentDetail>
            <PaymentDetail PaymentType="2">
               <DirectBill DirectBill_ID="THRTA023">
                  <CompanyName CompanyShortName="HOMARES OTA" Code="THRTA023" AgentType="TRVL_AGNT"/>
               </DirectBill>
               <PaymentAmount CurrencyCode="IRR" DecimalPlaces="0" Amount="-2588000"/>
            </PaymentDetail>
         </PaymentDetails>
      </Fulfillment>
      <Ticketing TravelerRefNumber="1" TicketDocumentNbr="0960110041479"/>
      <BookingReferenceID Status="16" Instance="1" ID="B4QK1A" ID_Context="BookingRef"/>
      <Offer/>
   </AirReservation>
</OTA_AirBookRS>