<OTA_AirBookRQ xmlns="http://www.opentravel.org/OTA/2003/05"
  xmlns:xsi="http://www.w3.org/2001/XMLSchema-instance"
  xsi:schemaLocation="http://www.opentravel.org/OTA/2003/05 
  OTA_AirBookRQ.xsd" EchoToken="50987" TimeStamp="2017-02-14T12:44:10+05:30"
  Target="Test" Version="2.001" SequenceNmbr="1" PrimaryLangID="En-us">
    <POS>
        <Source AirlineVendorID="IR" ISOCountry="IR" ISOCurrency="IRR">
            <RequestorID Type="5" ID="THRTA023"/>
        </Source>
    </POS>
    <AirItinerary DirectionInd="OneWay">
	<OriginDestinationOptions>
                    <OriginDestinationOption>
                        <FlightSegment FlightNumber="IR1042" ResBookDesigCode="X" DepartureDateTime="2020-11-15T22:00:00.000+03:30" ArrivalDateTime="2020-11-15T23:30:00.000+03:30" Duration="01:30:00" StopQuantity="0" RPH="14404">
                            <DepartureAirport LocationCode="THR"/>
                            <ArrivalAirport LocationCode="MHD"/>
                            <OperatingAirline Code="IR"/>
                            <Equipment AirEquipType="A319"/>
                            <BookingClassAvails>
                                <BookingClassAvail ResBookDesigCode="X" ResBookDesigQuantity="2"/>
                            </BookingClassAvails>
                        </FlightSegment>
                    </OriginDestinationOption>
                </OriginDestinationOptions>
	</AirItinerary>
	<PriceInfo>
        <ItinTotalFare>
             <BaseFare CurrencyCode="IRR" DecimalPlaces="0" Amount="2500000"/>
             <TotalFare CurrencyCode="IRR" DecimalPlaces="0" Amount="2730000"/>
        </ItinTotalFare>
	</PriceInfo>
	<TravelerInfo>
		<AirTraveler BirthDate="1974-04-16" PassengerTypeCode="ADT" AccompaniedByInfantInd="false" Gender="M" TravelerNationality="IR">
			<PersonName>
				<NamePrefix>MR</NamePrefix>
				<GivenName>SAEID</GivenName>
				<Surname>NAZKASRAEI</Surname>
			</PersonName>
			<TravelerRefNumber RPH="1"/>
			<Document DocID="1121234545" DocType="5" DocIssueCountry="IR" />
		</AirTraveler>
	</TravelerInfo>
	<ContactPerson>
            <PersonName>
                <GivenName>SAEID</GivenName>
                <Surname>NAZKASRAEI</Surname>
            </PersonName>
		  <Telephone PhoneNumber="(98)2232343212"/>
		  <HomeTelephone PhoneNumber="(98)2132343212"/>
        <Email>tbacon@tba.com</Email>
    </ContactPerson>
    <Fulfillment>
        <PaymentDetails>
            <PaymentDetail PaymentType="2">
                <DirectBill DirectBill_ID="THRTA023">
                    <CompanyName CompanyShortName="HOMARES OTA" Code="THRTA023"/>
                </DirectBill>
                <PaymentAmount CurrencyCode="IRR" DecimalPlaces="0" Amount="2730000"/>
            </PaymentDetail>
        </PaymentDetails>
    </Fulfillment>
</OTA_AirBookRQ>
