<OTA_AirBookModifyRQ xmlns="http://www.opentravel.org/OTA/2003/05"
  xmlns:xsi="http://www.w3.org/2001/XMLSchema-instance"
  xsi:schemaLocation="http://www.opentravel.org/OTA/2003/05 
  OTA_AirBookModifyRQ.xsd" EchoToken="50987" TimeStamp="2015-01-16T10:44:10+05:30"
  Target="Test" Version="2.001" SequenceNmbr="1"  PrimaryLangID="En-us">
	<POS>
	   <Source AirlineVendorID="IR" ISOCountry="IR" ISOCurrency="IRR">
	       <RequestorID Type="5" ID="THRTA023"/>
	   </Source>
	</POS>
	<AirBookModifyRQ ModificationType="6">
		<TravelerInfo>
		<AirTraveler BirthDate="1980-05-10" PassengerTypeCode="ADT" AccompaniedByInfantInd="false" TravelerNationality="IR" Gender="F">
		  <PersonName>
		     <NamePrefix>Mrs</NamePrefix>
		     <GivenName>SAFIA</GivenName>
		     <Surname>NAZKASRAEI</Surname>
		  </PersonName>
		  <Document DocID="2221234545" DocType="5" DocHolderNationality="IR"/>
		  <TravelerRefNumber RPH="2"/>
		</AirTraveler>
		</TravelerInfo>
	</AirBookModifyRQ>
	<AirReservation>
     <AirItinerary DirectionInd="OneWay">
         <OriginDestinationOptions>
            <OriginDestinationOption>
               <FlightSegment Status="39" FlightNumber="IR1042" FareBasisCode="N1410" ResBookDesigCode="N" DepartureDateTime="2020-11-15T22:00:00.000+03:30" ArrivalDateTime="2020-11-15T23:30:00.000+03:30" StopQuantity="0" RPH="338911">
                  <DepartureAirport LocationCode="THR" LocationName="Mehrabad Airport"/>
                  <ArrivalAirport LocationCode="MHD" LocationName="Mashad Airport"/>
                  <OperatingAirline Code="IR"/>
                  <Equipment AirEquipType="A319"/>
               </FlightSegment>
            </OriginDestinationOption>
         </OriginDestinationOptions>
        </AirItinerary>
	 <TravelerInfo>
	    <AirTraveler BirthDate="1974-04-16" PassengerTypeCode="ADT" AccompaniedByInfantInd="false" TravelerNationality="IR" Gender="M">
	       <PersonName>
	          <NamePrefix>Mr</NamePrefix>
	          <GivenName>SAEID</GivenName>
	          <Surname>NAZKASRAEI</Surname>
	       </PersonName>
	       <Document DocID="1121234545" DocType="5" DocHolderNationality="IR"/>
	       <TravelerRefNumber RPH="1"/>
	    </AirTraveler>
	    <AirTraveler BirthDate="1980-05-10" PassengerTypeCode="ADT" AccompaniedByInfantInd="false" TravelerNationality="IR" Gender="F">
	       <PersonName>
	          <NamePrefix>Mrs</NamePrefix>
	          <GivenName>SAFIA</GivenName>
	          <Surname>NAZKASRAEI</Surname>
	       </PersonName>
	       <Document DocID="2221234545" DocType="5" DocHolderNationality="IR"/>
	       <TravelerRefNumber RPH="2"/>
	    </AirTraveler>
	 </TravelerInfo>
	 <Fulfillment>
	    <PaymentDetails>
	       <PaymentDetail PaymentType="2">
	          <DirectBill DirectBill_ID="THRTA023">
	             <CompanyName CompanyShortName="HOMARES OTA" Code="THRTA023" AgentType="TRVL_AGNT"/>
	          </DirectBill>
	          <PaymentAmount CurrencyCode="IRR" DecimalPlaces="0" Amount="6096000"/>
	       </PaymentDetail>
	    </PaymentDetails>
	 </Fulfillment>
	 <BookingReferenceID Status="39" Instance="0" ID="DIUKVG" ID_Context="BookingRef"/>
	</AirReservation>
</OTA_AirBookModifyRQ>
